SET foreign_key_checks=0;
INSERT INTO `work` (work_id,work_title,work_alttitle,work_opus,work_identifier,work_mvtitle,work_mvnumber,work_yearbegun,work_yearcompleted,work_yearpublished,work_yearpremiered,work_relatedto,work_measures,work_genre,work_form,work_note,work_wiki,work_imslp,work_viaf,comp_id,era_id) VALUES
    (1,"Symphony No. 1 in C minor ""The Bells of Zlonice""","Symfonie č. 1 c moll „Zlonické zvony“","Op. 3","B. 9","I. Maestoso — allegro",1,1865,1865,1961,1936,NULL,NULL,"Orchestral",NULL,NULL,"https://en.wikipedia.org/wiki/Symphony_No._1_(Dvo%C5%99%C3%A1k)","https://imslp.org/wiki/Symphony_No.1,_B.9_(Dvo%C5%99%C3%A1k,_Anton%C3%ADn)",NULL,177,10),
    (2,"Symphony No. 1 in C minor ""The Bells of Zlonice""","Symfonie č. 1 c moll „Zlonické zvony“","Op. 3","B. 9","II. Adagio di molto",2,1865,1865,1961,1936,NULL,NULL,"Orchestral",NULL,NULL,"https://en.wikipedia.org/wiki/Symphony_No._1_(Dvo%C5%99%C3%A1k)","https://imslp.org/wiki/Symphony_No.1,_B.9_(Dvo%C5%99%C3%A1k,_Anton%C3%ADn)",NULL,177,10),
    (3,"Symphony No. 1 in C minor ""The Bells of Zlonice""","Symfonie č. 1 c moll „Zlonické zvony“","Op. 3","B. 9","III. Allegretto",3,1865,1865,1961,1936,NULL,NULL,"Orchestral",NULL,NULL,"https://en.wikipedia.org/wiki/Symphony_No._1_(Dvo%C5%99%C3%A1k)","https://imslp.org/wiki/Symphony_No.1,_B.9_(Dvo%C5%99%C3%A1k,_Anton%C3%ADn)",NULL,177,10),
    (4,"Symphony No. 1 in C minor ""The Bells of Zlonice""","Symfonie č. 1 c moll „Zlonické zvony“","Op. 3","B. 9","IV. Finale. Allegro animato",4,1865,1865,1961,1936,NULL,NULL,"Orchestral",NULL,NULL,"https://en.wikipedia.org/wiki/Symphony_No._1_(Dvo%C5%99%C3%A1k)","https://imslp.org/wiki/Symphony_No.1,_B.9_(Dvo%C5%99%C3%A1k,_Anton%C3%ADn)",NULL,177,10),
    (5,"Symphony No. 2 in B♭ major","Symfonie č. 2 B dur","Op. 4","B. 12","I. Allegro con moto",1,1865,1865,1955,1888,NULL,NULL,"Orchestral",NULL,"Revised in 1887","https://en.wikipedia.org/wiki/Symphony_No._2_(Dvo%C5%99%C3%A1k)","https://imslp.org/wiki/Symphony_No.2,_Op.4_%28Dvo%C5%99%C3%A1k,_Anton%C3%ADn%29",292718306,177,10),
    (6,"Symphony No. 2 in B♭ major","Symfonie č. 2 B dur","Op. 4","B. 12","II. Poco adagio",2,1865,1865,1955,1888,NULL,NULL,"Orchestral",NULL,"Revised in 1888","https://en.wikipedia.org/wiki/Symphony_No._2_(Dvo%C5%99%C3%A1k)","https://imslp.org/wiki/Symphony_No.2,_Op.4_%28Dvo%C5%99%C3%A1k,_Anton%C3%ADn%29",292718306,177,10),
    (7,"Symphony No. 2 in B♭ major","Symfonie č. 2 B dur","Op. 4","B. 12","III. Scherzo. Allegro con brio",3,1865,1865,1955,1888,NULL,NULL,"Orchestral",NULL,"Revised in 1889","https://en.wikipedia.org/wiki/Symphony_No._2_(Dvo%C5%99%C3%A1k)","https://imslp.org/wiki/Symphony_No.2,_Op.4_%28Dvo%C5%99%C3%A1k,_Anton%C3%ADn%29",292718306,177,10),
    (8,"Symphony No. 2 in B♭ major","Symfonie č. 2 B dur","Op. 4","B. 12","IV. Finale. Allegro con fuoco",4,1865,1865,1955,1888,NULL,NULL,"Orchestral",NULL,"Revised in 1890","https://en.wikipedia.org/wiki/Symphony_No._2_(Dvo%C5%99%C3%A1k)","https://imslp.org/wiki/Symphony_No.2,_Op.4_%28Dvo%C5%99%C3%A1k,_Anton%C3%ADn%29",292718306,177,10),
    (9,"Symphony No. 3 in E♭ major","Symfonie č. 3 Es dur","Op. 10","B. 34","I. Allegro moderato",1,1873,1873,1911,1874,NULL,NULL,"Orchestral",NULL,NULL,"https://en.wikipedia.org/wiki/Symphony_No._3_(Dvo%C5%99%C3%A1k)","https://imslp.org/wiki/Symphony_No.3,_Op.10_(Dvo%C5%99%C3%A1k,_Anton%C3%ADn)",292422244,177,10),
    (10,"Symphony No. 3 in E♭ major","Symfonie č. 3 Es dur","Op. 10","B. 34","II. Adagio molto, tempo di marcia",2,1873,1873,1911,1874,NULL,NULL,"Orchestral",NULL,NULL,"https://en.wikipedia.org/wiki/Symphony_No._3_(Dvo%C5%99%C3%A1k)","https://imslp.org/wiki/Symphony_No.3,_Op.10_(Dvo%C5%99%C3%A1k,_Anton%C3%ADn)",292422244,177,10),
    (11,"Symphony No. 3 in E♭ major","Symfonie č. 3 Es dur","Op. 10","B. 34","III. Finale. Allegro vivace",3,1873,1873,1911,1874,NULL,NULL,"Orchestral",NULL,NULL,"https://en.wikipedia.org/wiki/Symphony_No._3_(Dvo%C5%99%C3%A1k)","https://imslp.org/wiki/Symphony_No.3,_Op.10_(Dvo%C5%99%C3%A1k,_Anton%C3%ADn)",292422244,177,10),
    (12,"Symphony No. 4 in D minor","Symfonie č. 4 d moll","Op. 13","B. 41","I. Allegro",1,1874,1874,1912,1874,NULL,NULL,"Orchestral",NULL,"Revised in 1887-1888","https://en.wikipedia.org/wiki/Symphony_No._4_(Dvo%C5%99%C3%A1k)","https://imslp.org/wiki/Symphony_No.4,_Op.13_(Dvo%C5%99%C3%A1k,_Anton%C3%ADn)",293002202,177,10),
    (13,"Symphony No. 4 in D minor","Symfonie č. 4 d moll","Op. 13","B. 41","II. Andante sostenuto e molto cantabile",2,1874,1874,1912,1874,NULL,NULL,"Orchestral",NULL,"Revised in 1887-1888","https://en.wikipedia.org/wiki/Symphony_No._4_(Dvo%C5%99%C3%A1k)","https://imslp.org/wiki/Symphony_No.4,_Op.13_(Dvo%C5%99%C3%A1k,_Anton%C3%ADn)",293002202,177,10),
    (14,"Symphony No. 4 in D minor","Symfonie č. 4 d moll","Op. 13","B. 41","III Scherzo. Allegro feroce — trio",3,1874,1874,1912,1874,NULL,NULL,"Orchestral",NULL,"Revised in 1887-1888","https://en.wikipedia.org/wiki/Symphony_No._4_(Dvo%C5%99%C3%A1k)","https://imslp.org/wiki/Symphony_No.4,_Op.13_(Dvo%C5%99%C3%A1k,_Anton%C3%ADn)",293002202,177,10),
    (15,"Symphony No. 4 in D minor","Symfonie č. 4 d moll","Op. 13","B. 41","IV. Allegro con brio",4,1874,1874,1912,1874,NULL,NULL,"Orchestral",NULL,"Revised in 1887-1888","https://en.wikipedia.org/wiki/Symphony_No._4_(Dvo%C5%99%C3%A1k)","https://imslp.org/wiki/Symphony_No.4,_Op.13_(Dvo%C5%99%C3%A1k,_Anton%C3%ADn)",293002202,177,10),
    (16,"Symphony No. 5 in F major","Symfonie č. 5 F dur","Op. 76","B. 54","I. Allegro ma non troppo",1,1875,1875,1888,1879,NULL,NULL,"Orchestral",NULL,"Formerly Op. 24. Revised in 1887","https://en.wikipedia.org/wiki/Symphony_No._5_(Dvo%C5%99%C3%A1k)","https://imslp.org/wiki/Symphony_No.5,_Op.76_(Dvo%C5%99%C3%A1k,_Anton%C3%ADn)",293445014,177,10),
    (17,"Symphony No. 5 in F major","Symfonie č. 5 F dur","Op. 76","B. 54","II. Andante con moto",2,1875,1875,1888,1879,NULL,NULL,"Orchestral",NULL,"Formerly Op. 24. Revised in 1888","https://en.wikipedia.org/wiki/Symphony_No._5_(Dvo%C5%99%C3%A1k)","https://imslp.org/wiki/Symphony_No.5,_Op.76_(Dvo%C5%99%C3%A1k,_Anton%C3%ADn)",293445014,177,10),
    (18,"Symphony No. 5 in F major","Symfonie č. 5 F dur","Op. 76","B. 54","III. Scherzo. Allegro scherzando",3,1875,1875,1888,1879,NULL,NULL,"Orchestral",NULL,"Formerly Op. 24. Revised in 1889","https://en.wikipedia.org/wiki/Symphony_No._5_(Dvo%C5%99%C3%A1k)","https://imslp.org/wiki/Symphony_No.5,_Op.76_(Dvo%C5%99%C3%A1k,_Anton%C3%ADn)",293445014,177,10),
    (19,"Symphony No. 5 in F major","Symfonie č. 5 F dur","Op. 76","B. 54","IV. Finale. Allegro molto",4,1875,1875,1888,1879,NULL,NULL,"Orchestral",NULL,"Formerly Op. 24. Revised in 1890","https://en.wikipedia.org/wiki/Symphony_No._5_(Dvo%C5%99%C3%A1k)","https://imslp.org/wiki/Symphony_No.5,_Op.76_(Dvo%C5%99%C3%A1k,_Anton%C3%ADn)",293445014,177,10),
    (20,"Slavonic Dances, Series I","Slovanské tance 1. řada","Op. 46","B. 78","1. Furiant",1,1878,1878,1878,1893,44,NULL,"Piano",NULL,"8 pieces; orchestrated in 1878, B. 83; no. 2 arranged for violin and piano in 1891, B. 170; nos. 3 and 8 arranged for cello and piano in 1891, B. 172","https://en.wikipedia.org/wiki/Slavonic_Dances","https://imslp.org/wiki/Slavonic_Dances%2C_Op.46_(Dvo%C5%99%C3%A1k%2C_Anton%C3%ADn)",NULL,177,10),
    (21,"Slavonic Dances, Series I","Slovanské tance 1. řada","Op. 46","B. 78","2. Dumka",2,1878,1878,1878,1893,44,NULL,"Piano",NULL,"8 pieces; orchestrated in 1878, B. 83; no. 2 arranged for violin and piano in 1891, B. 170; nos. 3 and 8 arranged for cello and piano in 1891, B. 172","https://en.wikipedia.org/wiki/Slavonic_Dances","https://imslp.org/wiki/Slavonic_Dances%2C_Op.46_(Dvo%C5%99%C3%A1k%2C_Anton%C3%ADn)",NULL,177,10),
    (22,"Slavonic Dances, Series I","Slovanské tance 1. řada","Op. 46","B. 78","3. Sousedská",3,1878,1878,1878,1893,44,NULL,"Piano",NULL,"8 pieces; orchestrated in 1878, B. 83; no. 2 arranged for violin and piano in 1891, B. 170; nos. 3 and 8 arranged for cello and piano in 1891, B. 172","https://en.wikipedia.org/wiki/Slavonic_Dances","https://imslp.org/wiki/Slavonic_Dances%2C_Op.46_(Dvo%C5%99%C3%A1k%2C_Anton%C3%ADn)",NULL,177,10),
    (23,"Slavonic Dances, Series I","Slovanské tance 1. řada","Op. 46","B. 78","4. Sousedská",4,1878,1878,1878,1893,44,NULL,"Piano",NULL,"8 pieces; orchestrated in 1878, B. 83; no. 2 arranged for violin and piano in 1891, B. 170; nos. 3 and 8 arranged for cello and piano in 1891, B. 172","https://en.wikipedia.org/wiki/Slavonic_Dances","https://imslp.org/wiki/Slavonic_Dances%2C_Op.46_(Dvo%C5%99%C3%A1k%2C_Anton%C3%ADn)",NULL,177,10),
    (24,"Slavonic Dances, Series I","Slovanské tance 1. řada","Op. 46","B. 78","5. Skocná",5,1878,1878,1878,1893,44,NULL,"Piano",NULL,"8 pieces; orchestrated in 1878, B. 83; no. 2 arranged for violin and piano in 1891, B. 170; nos. 3 and 8 arranged for cello and piano in 1891, B. 172","https://en.wikipedia.org/wiki/Slavonic_Dances","https://imslp.org/wiki/Slavonic_Dances%2C_Op.46_(Dvo%C5%99%C3%A1k%2C_Anton%C3%ADn)",NULL,177,10),
    (25,"Slavonic Dances, Series I","Slovanské tance 1. řada","Op. 46","B. 78","6. Polka",6,1878,1878,1878,1893,44,NULL,"Piano",NULL,"8 pieces; orchestrated in 1878, B. 83; no. 2 arranged for violin and piano in 1891, B. 170; nos. 3 and 8 arranged for cello and piano in 1891, B. 172","https://en.wikipedia.org/wiki/Slavonic_Dances","https://imslp.org/wiki/Slavonic_Dances%2C_Op.46_(Dvo%C5%99%C3%A1k%2C_Anton%C3%ADn)",NULL,177,10),
    (26,"Slavonic Dances, Series I","Slovanské tance 1. řada","Op. 46","B. 78","7. Skocná",7,1878,1878,1878,1893,44,NULL,"Piano",NULL,"8 pieces; orchestrated in 1878, B. 83; no. 2 arranged for violin and piano in 1891, B. 170; nos. 3 and 8 arranged for cello and piano in 1891, B. 172","https://en.wikipedia.org/wiki/Slavonic_Dances","https://imslp.org/wiki/Slavonic_Dances%2C_Op.46_(Dvo%C5%99%C3%A1k%2C_Anton%C3%ADn)",NULL,177,10),
    (27,"Slavonic Dances, Series I","Slovanské tance 1. řada","Op. 46","B. 78","8. Furiant",8,1878,1878,1878,1893,44,NULL,"Piano",NULL,"8 pieces; orchestrated in 1878, B. 83; no. 2 arranged for violin and piano in 1891, B. 170; nos. 3 and 8 arranged for cello and piano in 1891, B. 172","https://en.wikipedia.org/wiki/Slavonic_Dances","https://imslp.org/wiki/Slavonic_Dances%2C_Op.46_(Dvo%C5%99%C3%A1k%2C_Anton%C3%ADn)",NULL,177,10),
    (28,"Slavonic Dances, Series I","Slovanské tance 1. řada","Op. 46","B. 83","1. Furiant",1,1878,1878,1878,1878,20,NULL,"Orchestral",NULL,"orchestration of B. 78","https://en.wikipedia.org/wiki/Slavonic_Dances","https://imslp.org/wiki/Slavonic_Dances%2C_Op.46_(Dvo%C5%99%C3%A1k%2C_Anton%C3%ADn)",NULL,177,10),
    (29,"Slavonic Dances, Series I","Slovanské tance 1. řada","Op. 46","B. 83","2. Dumka",2,1878,1878,1878,1878,20,NULL,"Orchestral",NULL,"orchestration of B. 78","https://en.wikipedia.org/wiki/Slavonic_Dances","https://imslp.org/wiki/Slavonic_Dances%2C_Op.46_(Dvo%C5%99%C3%A1k%2C_Anton%C3%ADn)",NULL,177,10),
    (30,"Slavonic Dances, Series I","Slovanské tance 1. řada","Op. 46","B. 83","3. Sousedská",3,1878,1878,1878,1878,20,NULL,"Orchestral",NULL,"orchestration of B. 78","https://en.wikipedia.org/wiki/Slavonic_Dances","https://imslp.org/wiki/Slavonic_Dances%2C_Op.46_(Dvo%C5%99%C3%A1k%2C_Anton%C3%ADn)",NULL,177,10),
    (31,"Slavonic Dances, Series I","Slovanské tance 1. řada","Op. 46","B. 83","4. Sousedská",4,1878,1878,1878,1878,20,NULL,"Orchestral",NULL,"orchestration of B. 78","https://en.wikipedia.org/wiki/Slavonic_Dances","https://imslp.org/wiki/Slavonic_Dances%2C_Op.46_(Dvo%C5%99%C3%A1k%2C_Anton%C3%ADn)",NULL,177,10),
    (32,"Slavonic Dances, Series I","Slovanské tance 1. řada","Op. 46","B. 83","5. Skocná",5,1878,1878,1878,1878,20,NULL,"Orchestral",NULL,"orchestration of B. 78","https://en.wikipedia.org/wiki/Slavonic_Dances","https://imslp.org/wiki/Slavonic_Dances%2C_Op.46_(Dvo%C5%99%C3%A1k%2C_Anton%C3%ADn)",NULL,177,10),
    (33,"Slavonic Dances, Series I","Slovanské tance 1. řada","Op. 46","B. 83","6. Polka",6,1878,1878,1878,1878,20,NULL,"Orchestral",NULL,"orchestration of B. 78","https://en.wikipedia.org/wiki/Slavonic_Dances","https://imslp.org/wiki/Slavonic_Dances%2C_Op.46_(Dvo%C5%99%C3%A1k%2C_Anton%C3%ADn)",NULL,177,10),
    (34,"Slavonic Dances, Series I","Slovanské tance 1. řada","Op. 46","B. 83","7. Skocná",7,1878,1878,1878,1878,20,NULL,"Orchestral",NULL,"orchestration of B. 78","https://en.wikipedia.org/wiki/Slavonic_Dances","https://imslp.org/wiki/Slavonic_Dances%2C_Op.46_(Dvo%C5%99%C3%A1k%2C_Anton%C3%ADn)",NULL,177,10),
    (35,"Slavonic Dances, Series I","Slovanské tance 1. řada","Op. 46","B. 83","8. Furiant",8,1878,1878,1878,1878,20,NULL,"Orchestral",NULL,"orchestration of B. 78","https://en.wikipedia.org/wiki/Slavonic_Dances","https://imslp.org/wiki/Slavonic_Dances%2C_Op.46_(Dvo%C5%99%C3%A1k%2C_Anton%C3%ADn)",NULL,177,10),
    (36,"Symphony No. 6 in D major","Symfonie č. 6 D dur","Op. 60","B. 112","I. Allegro non tanto",1,1880,1880,1882,1881,NULL,NULL,"Orchestral",NULL,NULL,"https://en.wikipedia.org/wiki/Symphony_No._6_(Dvo%C5%99%C3%A1k)","https://imslp.org/wiki/Symphony_No.6,_Op.60_(Dvo%C5%99%C3%A1k,_Anton%C3%ADn)",294081904,177,10),
    (37,"Symphony No. 6 in D major","Symfonie č. 6 D dur","Op. 60","B. 112","II. Adagio",2,1880,1880,1882,1881,NULL,NULL,"Orchestral",NULL,NULL,"https://en.wikipedia.org/wiki/Symphony_No._6_(Dvo%C5%99%C3%A1k)","https://imslp.org/wiki/Symphony_No.6,_Op.60_(Dvo%C5%99%C3%A1k,_Anton%C3%ADn)",294081904,177,10),
    (38,"Symphony No. 6 in D major","Symfonie č. 6 D dur","Op. 60","B. 112","III. Scherzo (Furiant). Presto",3,1880,1880,1882,1881,NULL,NULL,"Orchestral",NULL,NULL,"https://en.wikipedia.org/wiki/Symphony_No._6_(Dvo%C5%99%C3%A1k)","https://imslp.org/wiki/Symphony_No.6,_Op.60_(Dvo%C5%99%C3%A1k,_Anton%C3%ADn)",294081904,177,10),
    (39,"Symphony No. 6 in D major","Symfonie č. 6 D dur","Op. 60","B. 112","IV. Finale. Allegro con spirito",4,1880,1880,1882,1881,NULL,NULL,"Orchestral",NULL,NULL,"https://en.wikipedia.org/wiki/Symphony_No._6_(Dvo%C5%99%C3%A1k)","https://imslp.org/wiki/Symphony_No.6,_Op.60_(Dvo%C5%99%C3%A1k,_Anton%C3%ADn)",294081904,177,10),
    (40,"Symphony No. 7 in D minor","Symfonie č. 7 d moll","Op. 70","B. 141","I. Allegro maestoso",1,1884,1885,1885,1885,NULL,NULL,"Orchestral",NULL,NULL,"https://en.wikipedia.org/wiki/Symphony_No._7_(Dvo%C5%99%C3%A1k)","https://imslp.org/wiki/Symphony_No.7,_Op.70_(Dvo%C5%99%C3%A1k,_Anton%C3%ADn)",NULL,177,10),
    (41,"Symphony No. 7 in D minor","Symfonie č. 7 d moll","Op. 70","B. 141","II. Poco adagio",2,1884,1885,1885,1885,NULL,NULL,"Orchestral",NULL,NULL,"https://en.wikipedia.org/wiki/Symphony_No._7_(Dvo%C5%99%C3%A1k)","https://imslp.org/wiki/Symphony_No.7,_Op.70_(Dvo%C5%99%C3%A1k,_Anton%C3%ADn)",NULL,177,10),
    (42,"Symphony No. 7 in D minor","Symfonie č. 7 d moll","Op. 70","B. 141","III. Scherzo. Vivace",3,1884,1885,1885,1885,NULL,NULL,"Orchestral",NULL,NULL,"https://en.wikipedia.org/wiki/Symphony_No._7_(Dvo%C5%99%C3%A1k)","https://imslp.org/wiki/Symphony_No.7,_Op.70_(Dvo%C5%99%C3%A1k,_Anton%C3%ADn)",NULL,177,10),
    (43,"Symphony No. 7 in D minor","Symfonie č. 7 d moll","Op. 70","B. 141","IV. Finale. Allegro",4,1884,1885,1885,1885,NULL,NULL,"Orchestral",NULL,NULL,"https://en.wikipedia.org/wiki/Symphony_No._7_(Dvo%C5%99%C3%A1k)","https://imslp.org/wiki/Symphony_No.7,_Op.70_(Dvo%C5%99%C3%A1k,_Anton%C3%ADn)",NULL,177,10),
    (44,"Slavonic Dances, Series II","Slovanské tance 2. řada","Op. 72","B. 145","1. (9.) Odzemek",1,1886,1886,1886,1886,20,NULL,"Piano",NULL,"8 pieces; orchestrated in 1887, B. 147","https://en.wikipedia.org/wiki/Slavonic_Dances","https://imslp.org/wiki/Slavonic_Dances%2C_Op.72_(Dvo%C5%99%C3%A1k%2C_Anton%C3%ADn)",NULL,177,10),
    (45,"Slavonic Dances, Series II","Slovanské tance 2. řada","Op. 72","B. 145","2. (10.) Dumka",2,1886,1886,1886,1886,20,NULL,"Piano",NULL,"8 pieces; orchestrated in 1887, B. 147","https://en.wikipedia.org/wiki/Slavonic_Dances","https://imslp.org/wiki/Slavonic_Dances%2C_Op.72_(Dvo%C5%99%C3%A1k%2C_Anton%C3%ADn)",NULL,177,10),
    (46,"Slavonic Dances, Series II","Slovanské tance 2. řada","Op. 72","B. 145","3. (11.) Skocná",3,1886,1886,1886,1886,20,NULL,"Piano",NULL,"8 pieces; orchestrated in 1887, B. 147","https://en.wikipedia.org/wiki/Slavonic_Dances","https://imslp.org/wiki/Slavonic_Dances%2C_Op.72_(Dvo%C5%99%C3%A1k%2C_Anton%C3%ADn)",NULL,177,10),
    (47,"Slavonic Dances, Series II","Slovanské tance 2. řada","Op. 72","B. 145","4. (12.) Dumka",4,1886,1886,1886,1886,20,NULL,"Piano",NULL,"8 pieces; orchestrated in 1887, B. 147","https://en.wikipedia.org/wiki/Slavonic_Dances","https://imslp.org/wiki/Slavonic_Dances%2C_Op.72_(Dvo%C5%99%C3%A1k%2C_Anton%C3%ADn)",NULL,177,10),
    (48,"Slavonic Dances, Series II","Slovanské tance 2. řada","Op. 72","B. 145","5. (13.) Spacírka",5,1886,1886,1886,1886,20,NULL,"Piano",NULL,"8 pieces; orchestrated in 1887, B. 147","https://en.wikipedia.org/wiki/Slavonic_Dances","https://imslp.org/wiki/Slavonic_Dances%2C_Op.72_(Dvo%C5%99%C3%A1k%2C_Anton%C3%ADn)",NULL,177,10),
    (49,"Slavonic Dances, Series II","Slovanské tance 2. řada","Op. 72","B. 145","6. (14.) Polonaise",6,1886,1886,1886,1886,20,NULL,"Piano",NULL,"8 pieces; orchestrated in 1887, B. 147","https://en.wikipedia.org/wiki/Slavonic_Dances","https://imslp.org/wiki/Slavonic_Dances%2C_Op.72_(Dvo%C5%99%C3%A1k%2C_Anton%C3%ADn)",NULL,177,10),
    (50,"Slavonic Dances, Series II","Slovanské tance 2. řada","Op. 72","B. 145","7. (15.) Kolo",7,1886,1886,1886,1886,20,NULL,"Piano",NULL,"8 pieces; orchestrated in 1887, B. 147","https://en.wikipedia.org/wiki/Slavonic_Dances","https://imslp.org/wiki/Slavonic_Dances%2C_Op.72_(Dvo%C5%99%C3%A1k%2C_Anton%C3%ADn)",NULL,177,10),
    (51,"Slavonic Dances, Series II","Slovanské tance 2. řada","Op. 72","B. 145","8. (16.) Sousedská",8,1886,1886,1886,1886,20,NULL,"Piano",NULL,"8 pieces; orchestrated in 1887, B. 147","https://en.wikipedia.org/wiki/Slavonic_Dances","https://imslp.org/wiki/Slavonic_Dances%2C_Op.72_(Dvo%C5%99%C3%A1k%2C_Anton%C3%ADn)",NULL,177,10),
    (52,"Slavonic Dances, Series II","Slovanské tance 2. řada","Op. 72","B. 147","1. (9.) Odzemek",1,1886,1887,1887,1887,44,NULL,"Orchestral",NULL,"orchestration of B. 145","https://en.wikipedia.org/wiki/Slavonic_Dances","https://imslp.org/wiki/Slavonic_Dances%2C_Op.72_(Dvo%C5%99%C3%A1k%2C_Anton%C3%ADn)",NULL,177,10),
    (53,"Slavonic Dances, Series II","Slovanské tance 2. řada","Op. 72","B. 147","2. (10.) Dumka",2,1886,1887,1887,1887,44,NULL,"Orchestral",NULL,"orchestration of B. 145","https://en.wikipedia.org/wiki/Slavonic_Dances","https://imslp.org/wiki/Slavonic_Dances%2C_Op.72_(Dvo%C5%99%C3%A1k%2C_Anton%C3%ADn)",NULL,177,10),
    (54,"Slavonic Dances, Series II","Slovanské tance 2. řada","Op. 72","B. 147","3. (11.) Skocná",3,1886,1887,1887,1887,44,NULL,"Orchestral",NULL,"orchestration of B. 145","https://en.wikipedia.org/wiki/Slavonic_Dances","https://imslp.org/wiki/Slavonic_Dances%2C_Op.72_(Dvo%C5%99%C3%A1k%2C_Anton%C3%ADn)",NULL,177,10),
    (55,"Slavonic Dances, Series II","Slovanské tance 2. řada","Op. 72","B. 147","4. (12.) Dumka",4,1886,1887,1887,1887,44,NULL,"Orchestral",NULL,"orchestration of B. 145","https://en.wikipedia.org/wiki/Slavonic_Dances","https://imslp.org/wiki/Slavonic_Dances%2C_Op.72_(Dvo%C5%99%C3%A1k%2C_Anton%C3%ADn)",NULL,177,10),
    (56,"Slavonic Dances, Series II","Slovanské tance 2. řada","Op. 72","B. 147","5. (13.) Spacírka",5,1886,1887,1887,1887,44,NULL,"Orchestral",NULL,"orchestration of B. 145","https://en.wikipedia.org/wiki/Slavonic_Dances","https://imslp.org/wiki/Slavonic_Dances%2C_Op.72_(Dvo%C5%99%C3%A1k%2C_Anton%C3%ADn)",NULL,177,10),
    (57,"Slavonic Dances, Series II","Slovanské tance 2. řada","Op. 72","B. 147","6. (14.) Polonaise",6,1886,1887,1887,1887,44,NULL,"Orchestral",NULL,"orchestration of B. 145","https://en.wikipedia.org/wiki/Slavonic_Dances","https://imslp.org/wiki/Slavonic_Dances%2C_Op.72_(Dvo%C5%99%C3%A1k%2C_Anton%C3%ADn)",NULL,177,10),
    (58,"Slavonic Dances, Series II","Slovanské tance 2. řada","Op. 72","B. 147","7. (15.) Kolo",7,1886,1887,1887,1887,44,NULL,"Orchestral",NULL,"orchestration of B. 145","https://en.wikipedia.org/wiki/Slavonic_Dances","https://imslp.org/wiki/Slavonic_Dances%2C_Op.72_(Dvo%C5%99%C3%A1k%2C_Anton%C3%ADn)",NULL,177,10),
    (59,"Slavonic Dances, Series II","Slovanské tance 2. řada","Op. 72","B. 147","8. (16.) Sousedská",8,1886,1887,1887,1887,44,NULL,"Orchestral",NULL,"orchestration of B. 145","https://en.wikipedia.org/wiki/Slavonic_Dances","https://imslp.org/wiki/Slavonic_Dances%2C_Op.72_(Dvo%C5%99%C3%A1k%2C_Anton%C3%ADn)",NULL,177,10),
    (60,"Symphony No. 8 in G major","Symfonie č. 8 G dur","Op. 88","B. 163","I. Allegro con brio",1,1889,1889,1892,1890,NULL,NULL,"Orchestral",NULL,"Dedicated to Franz Joseph I, Emperor of Austria","https://en.wikipedia.org/wiki/Symphony_No._8_(Dvo%C5%99%C3%A1k)","https://imslp.org/wiki/Symphony_No.8,_Op.88_(Dvo%C5%99%C3%A1k,_Anton%C3%ADn)",181445103,177,10),
    (61,"Symphony No. 8 in G major","Symfonie č. 8 G dur","Op. 88","B. 163","II. Adagio",2,1889,1889,1892,1890,NULL,NULL,"Orchestral",NULL,"Dedicated to Franz Joseph I, Emperor of Austria","https://en.wikipedia.org/wiki/Symphony_No._8_(Dvo%C5%99%C3%A1k)","https://imslp.org/wiki/Symphony_No.8,_Op.88_(Dvo%C5%99%C3%A1k,_Anton%C3%ADn)",181445103,177,10),
    (62,"Symphony No. 8 in G major","Symfonie č. 8 G dur","Op. 88","B. 163","III. Allegretto grazioso — molto vivace",3,1889,1889,1892,1890,NULL,NULL,"Orchestral",NULL,"Dedicated to Franz Joseph I, Emperor of Austria","https://en.wikipedia.org/wiki/Symphony_No._8_(Dvo%C5%99%C3%A1k)","https://imslp.org/wiki/Symphony_No.8,_Op.88_(Dvo%C5%99%C3%A1k,_Anton%C3%ADn)",181445103,177,10),
    (63,"Symphony No. 8 in G major","Symfonie č. 8 G dur","Op. 88","B. 163","IV. Allegro ma non troppo",4,1889,1889,1892,1890,NULL,NULL,"Orchestral",NULL,"Dedicated to Franz Joseph I, Emperor of Austria","https://en.wikipedia.org/wiki/Symphony_No._8_(Dvo%C5%99%C3%A1k)","https://imslp.org/wiki/Symphony_No.8,_Op.88_(Dvo%C5%99%C3%A1k,_Anton%C3%ADn)",181445103,177,10),
    (64,"Symphony No. 9 in E minor ""From the New World""","Symfonie č. 9 e moll „Z nového světa“","Op. 95","B. 178","I. Adagio — Allegro molto",1,1893,1893,1894,1893,NULL,452,"Orchestral",NULL,"Also arranged for piano 4 hands (B. 521)","https://en.wikipedia.org/wiki/Symphony_No._9_(Dvo%C5%99%C3%A1k)","https://imslp.org/wiki/Symphony_No.9,_Op.95_(Dvo%C5%99%C3%A1k,_Anton%C3%ADn)",184260139,177,10),
    (65,"Symphony No. 9 in E minor ""From the New World""","Symfonie č. 9 e moll „Z nového světa“","Op. 95","B. 178","II. Largo",2,1893,1893,1894,1893,NULL,127,"Orchestral",NULL,"Also arranged for piano 4 hands (B. 521)","https://en.wikipedia.org/wiki/Symphony_No._9_(Dvo%C5%99%C3%A1k)","https://imslp.org/wiki/Symphony_No.9,_Op.95_(Dvo%C5%99%C3%A1k,_Anton%C3%ADn)",184260139,177,10),
    (66,"Symphony No. 9 in E minor ""From the New World""","Symfonie č. 9 e moll „Z nového světa“","Op. 95","B. 178","III. Molto vivace",3,1893,1893,1894,1893,NULL,300,"Orchestral",NULL,"Also arranged for piano 4 hands (B. 521)","https://en.wikipedia.org/wiki/Symphony_No._9_(Dvo%C5%99%C3%A1k)","https://imslp.org/wiki/Symphony_No.9,_Op.95_(Dvo%C5%99%C3%A1k,_Anton%C3%ADn)",184260139,177,10),
    (67,"Symphony No. 9 in E minor ""From the New World""","Symfonie č. 9 e moll „Z nového světa“","Op. 95","B. 178","IV. Allegro con fuoco",4,1893,1893,1894,1893,NULL,348,"Orchestral",NULL,"Also arranged for piano 4 hands (B. 521)","https://en.wikipedia.org/wiki/Symphony_No._9_(Dvo%C5%99%C3%A1k)","https://imslp.org/wiki/Symphony_No.9,_Op.95_(Dvo%C5%99%C3%A1k,_Anton%C3%ADn)",184260139,177,10),
    (68,"Hungarian Dances","Ungarische Tänze","WoO 1",NULL,"No. 1 in G minor. Allegro molto",1,1858,1868,1869,1874,NULL,NULL,"Piano",NULL,"Part of Book 1","https://en.wikipedia.org/wiki/Hungarian_Dances_(Brahms)","https://imslp.org/wiki/21_Hungarian_Dances_(Piano),_WoO_1_(Brahms,_Johannes)",175067739,170,10),
    (69,"Hungarian Dances","Ungarische Tänze","WoO 1",NULL,"No. 2 in D minor. Allegro non assai – Vivace",2,1858,1868,1869,1874,NULL,NULL,"Piano",NULL,"Part of Book 1","https://en.wikipedia.org/wiki/Hungarian_Dances_(Brahms)","https://imslp.org/wiki/21_Hungarian_Dances_(Piano),_WoO_1_(Brahms,_Johannes)",175067739,170,10),
    (70,"Hungarian Dances","Ungarische Tänze","WoO 1",NULL,"No. 3 in F major. Allegretto",3,1858,1868,1869,1874,NULL,NULL,"Piano",NULL,"Part of Book 1","https://en.wikipedia.org/wiki/Hungarian_Dances_(Brahms)","https://imslp.org/wiki/21_Hungarian_Dances_(Piano),_WoO_1_(Brahms,_Johannes)",175067739,170,10),
    (71,"Hungarian Dances","Ungarische Tänze","WoO 1",NULL,"No. 4 in F minor. 	Poco sostenuto – Vivace",4,1858,1868,1869,1874,NULL,NULL,"Piano",NULL,"Part of Book 1","https://en.wikipedia.org/wiki/Hungarian_Dances_(Brahms)","https://imslp.org/wiki/21_Hungarian_Dances_(Piano),_WoO_1_(Brahms,_Johannes)",175067739,170,10),
    (72,"Hungarian Dances","Ungarische Tänze","WoO 1",NULL,"No. 5 in F♯ minor. Allegro – Vivace",5,1858,1868,1869,1874,NULL,NULL,"Piano",NULL,"Part of Book 1","https://en.wikipedia.org/wiki/Hungarian_Dances_(Brahms)","https://imslp.org/wiki/21_Hungarian_Dances_(Piano),_WoO_1_(Brahms,_Johannes)",175067739,170,10),
    (73,"Hungarian Dances","Ungarische Tänze","WoO 1",NULL,"No. 6 in D♭ major. Vivace",6,1858,1868,1869,1874,NULL,NULL,"Piano",NULL,"Part of Book 2","https://en.wikipedia.org/wiki/Hungarian_Dances_(Brahms)","https://imslp.org/wiki/21_Hungarian_Dances_(Piano),_WoO_1_(Brahms,_Johannes)",175067739,170,10),
    (74,"Hungarian Dances","Ungarische Tänze","WoO 1",NULL,"No. 7 in F major. Allegretto – Vivo",7,1858,1868,1869,1874,NULL,NULL,"Piano",NULL,"Part of Book 2","https://en.wikipedia.org/wiki/Hungarian_Dances_(Brahms)","https://imslp.org/wiki/21_Hungarian_Dances_(Piano),_WoO_1_(Brahms,_Johannes)",175067739,170,10),
    (75,"Hungarian Dances","Ungarische Tänze","WoO 1",NULL,"No. 8 in A minor. Presto",8,1858,1868,1869,1874,NULL,NULL,"Piano",NULL,"Part of Book 2","https://en.wikipedia.org/wiki/Hungarian_Dances_(Brahms)","https://imslp.org/wiki/21_Hungarian_Dances_(Piano),_WoO_1_(Brahms,_Johannes)",175067739,170,10),
    (76,"Hungarian Dances","Ungarische Tänze","WoO 1",NULL,"No. 9 in E minor. Allegro ma non troppo",9,1858,1868,1869,1874,NULL,NULL,"Piano",NULL,"Part of Book 2","https://en.wikipedia.org/wiki/Hungarian_Dances_(Brahms)","https://imslp.org/wiki/21_Hungarian_Dances_(Piano),_WoO_1_(Brahms,_Johannes)",175067739,170,10),
    (77,"Hungarian Dances","Ungarische Tänze","WoO 1",NULL,"No. 10 in E major. Presto",10,1858,1868,1869,1874,NULL,NULL,"Piano",NULL,"Part of Book 2","https://en.wikipedia.org/wiki/Hungarian_Dances_(Brahms)","https://imslp.org/wiki/21_Hungarian_Dances_(Piano),_WoO_1_(Brahms,_Johannes)",175067739,170,10),
    (78,"Hungarian Dances","Ungarische Tänze","WoO 1",NULL,"No. 11 in D minor. Poco andante",11,1879,1879,1880,NULL,NULL,NULL,"Piano",NULL,"Part of Book 3","https://en.wikipedia.org/wiki/Hungarian_Dances_(Brahms)","https://imslp.org/wiki/21_Hungarian_Dances_(Piano),_WoO_1_(Brahms,_Johannes)",175067739,170,10),
    (79,"Hungarian Dances","Ungarische Tänze","WoO 1",NULL,"No. 12 in D minor. Presto",12,1879,1879,1880,NULL,NULL,NULL,"Piano",NULL,"Part of Book 3","https://en.wikipedia.org/wiki/Hungarian_Dances_(Brahms)","https://imslp.org/wiki/21_Hungarian_Dances_(Piano),_WoO_1_(Brahms,_Johannes)",175067739,170,10),
    (80,"Hungarian Dances","Ungarische Tänze","WoO 1",NULL,"No. 13 in D major. Andantino grazioso – Vivace",13,1879,1879,1880,NULL,NULL,NULL,"Piano",NULL,"Part of Book 3","https://en.wikipedia.org/wiki/Hungarian_Dances_(Brahms)","https://imslp.org/wiki/21_Hungarian_Dances_(Piano),_WoO_1_(Brahms,_Johannes)",175067739,170,10),
    (81,"Hungarian Dances","Ungarische Tänze","WoO 1",NULL,"No. 14 in D minor. Un poco andante",14,1879,1879,1880,NULL,NULL,NULL,"Piano",NULL,"Part of Book 3","https://en.wikipedia.org/wiki/Hungarian_Dances_(Brahms)","https://imslp.org/wiki/21_Hungarian_Dances_(Piano),_WoO_1_(Brahms,_Johannes)",175067739,170,10),
    (82,"Hungarian Dances","Ungarische Tänze","WoO 1",NULL,"No. 15 in B♭ major. Allegretto grazioso",15,1879,1879,1880,NULL,NULL,NULL,"Piano",NULL,"Part of Book 3","https://en.wikipedia.org/wiki/Hungarian_Dances_(Brahms)","https://imslp.org/wiki/21_Hungarian_Dances_(Piano),_WoO_1_(Brahms,_Johannes)",175067739,170,10),
    (83,"Hungarian Dances","Ungarische Tänze","WoO 1",NULL,"No. 16 in F minor. Con moto – F major. Presto",16,1879,1879,1880,NULL,NULL,NULL,"Piano",NULL,"Part of Book 3","https://en.wikipedia.org/wiki/Hungarian_Dances_(Brahms)","https://imslp.org/wiki/21_Hungarian_Dances_(Piano),_WoO_1_(Brahms,_Johannes)",175067739,170,10),
    (84,"Hungarian Dances","Ungarische Tänze","WoO 1",NULL,"No. 17 in F♯ minor. Andantino – Vivace",17,1879,1879,1880,NULL,NULL,NULL,"Piano",NULL,"Part of Book 4","https://en.wikipedia.org/wiki/Hungarian_Dances_(Brahms)","https://imslp.org/wiki/21_Hungarian_Dances_(Piano),_WoO_1_(Brahms,_Johannes)",175067739,170,10),
    (85,"Hungarian Dances","Ungarische Tänze","WoO 1",NULL,"No. 18 in D major. Molto vivace",18,1879,1879,1880,NULL,NULL,NULL,"Piano",NULL,"Part of Book 4","https://en.wikipedia.org/wiki/Hungarian_Dances_(Brahms)","https://imslp.org/wiki/21_Hungarian_Dances_(Piano),_WoO_1_(Brahms,_Johannes)",175067739,170,10),
    (86,"Hungarian Dances","Ungarische Tänze","WoO 1",NULL,"No. 19 in B minor. Allegretto",19,1879,1879,1880,NULL,NULL,NULL,"Piano",NULL,"Part of Book 4","https://en.wikipedia.org/wiki/Hungarian_Dances_(Brahms)","https://imslp.org/wiki/21_Hungarian_Dances_(Piano),_WoO_1_(Brahms,_Johannes)",175067739,170,10),
    (87,"Hungarian Dances","Ungarische Tänze","WoO 1",NULL,"No. 20 	in E minor. Poco allegretto – Vivace",20,1879,1879,1880,NULL,NULL,NULL,"Piano",NULL,"Part of Book 4","https://en.wikipedia.org/wiki/Hungarian_Dances_(Brahms)","https://imslp.org/wiki/21_Hungarian_Dances_(Piano),_WoO_1_(Brahms,_Johannes)",175067739,170,10),
    (88,"Hungarian Dances","Ungarische Tänze","WoO 1",NULL,"No. 21 in E minor. Vivace – E major. Più presto",21,1879,1879,1880,NULL,NULL,NULL,"Piano",NULL,"Part of Book 4","https://en.wikipedia.org/wiki/Hungarian_Dances_(Brahms)","https://imslp.org/wiki/21_Hungarian_Dances_(Piano),_WoO_1_(Brahms,_Johannes)",175067739,170,10),
    (89,"Brandenburg Concerto No. 2 in F Major","2. Brandenburgisches Konzert","BWV 1047",NULL,"I. Allegro",1,1718,1721,1851,NULL,NULL,119,"Chamber Music",NULL,NULL,"http://en.wikipedia.org/wiki/Brandenburg_Concertos#No._2_in_F_major.2C_BWV_1047","https://imslp.org/wiki/Brandenburg_Concerto_No.2_in_F_major%2C_BWV_1047_(Bach%2C_Johann_Sebastian)",178025615,38,7),
    (90,"Brandenburg Concerto No. 2 in F Major","2. Brandenburgisches Konzert","BWV 1047",NULL,"I. Andante",2,1718,1721,1851,NULL,NULL,65,"Chamber Music",NULL,NULL,"http://en.wikipedia.org/wiki/Brandenburg_Concertos#No._2_in_F_major.2C_BWV_1047","https://imslp.org/wiki/Brandenburg_Concerto_No.2_in_F_major%2C_BWV_1047_(Bach%2C_Johann_Sebastian)",178025615,38,7),
    (91,"Brandenburg Concerto No. 2 in F Major","2. Brandenburgisches Konzert","BWV 1047",NULL,"III. Allegro assai",3,1718,1721,1851,NULL,NULL,139,"Chamber Music",NULL,NULL,"http://en.wikipedia.org/wiki/Brandenburg_Concertos#No._2_in_F_major.2C_BWV_1047","https://imslp.org/wiki/Brandenburg_Concerto_No.2_in_F_major%2C_BWV_1047_(Bach%2C_Johann_Sebastian)",178025615,38,7)
;

INSERT INTO `key` (key_id,key_name,key_relative,key_accnum,key_acctype,key_enharmonic) VALUES
    (1,"Cb major",16,7,"flat",13),
    (2,"Gb major",17,6,"flat",14),
    (3,"Db major",18,5,"flat",15),
    (4,"Ab major",19,4,"flat",NULL),
    (5,"Eb major",20,3,"flat",NULL),
    (6,"Bb major",21,2,"flat",NULL),
    (7,"F major",22,1,"flat",NULL),
    (8,"C major",23,0,NULL,NULL),
    (9,"G major",24,1,"sharp",NULL),
    (10,"D major",25,2,"sharp",NULL),
    (11,"A major",26,3,"sharp",NULL),
    (12,"E major",27,4,"sharp",NULL),
    (13,"B major",28,5,"sharp",1),
    (14,"F# major",29,6,"sharp",2),
    (15,"C# major",30,7,"sharp",3),
    (16,"Ab minor",1,7,"flat",28),
    (17,"Eb minor",2,6,"flat",29),
    (18,"Bb minor",3,5,"flat",30),
    (19,"F minor",4,4,"flat",NULL),
    (20,"C minor",5,3,"flat",NULL),
    (21,"G minor",6,2,"flat",NULL),
    (22,"D minor",7,1,"flat",NULL),
    (23,"A minor",8,0,NULL,NULL),
    (24,"E minor",9,1,"sharp",NULL),
    (25,"B minor",10,2,"sharp",NULL),
    (26,"F# minor",11,3,"sharp",NULL),
    (27,"C# minor",12,4,"sharp",NULL),
    (28,"G# minor",13,5,"sharp",16),
    (29,"D# minor",14,6,"sharp",17),
    (30,"A# minor",15,7,"sharp",18)
;


INSERT INTO `work_key` (work_id,key_id) VALUES
    (1,20),
    (2,4),
    (3,20),
    (3,5),
    (4,8),
    (5,6),
    (6,21),
    (7,6),
    (8,6),
    (9,5),
    (10,27),
    (11,5),
    (12,22),
    (13,6),
    (14,22),
    (14,8),
    (15,22),
    (16,7),
    (17,23),
    (18,6),
    (19,7),
    (20,8),
    (21,24),
    (22,4),
    (23,7),
    (24,11),
    (25,10),
    (26,20),
    (27,21),
    (28,8),
    (29,24),
    (30,4),
    (31,7),
    (32,11),
    (33,10),
    (34,20),
    (35,21),
    (36,10),
    (37,6),
    (38,22),
    (39,10),
    (40,22),
    (41,7),
    (42,22),
    (43,22),
    (44,13),
    (45,24),
    (46,7),
    (47,3),
    (48,18),
    (49,6),
    (50,8),
    (51,4),
    (52,13),
    (53,24),
    (54,7),
    (55,3),
    (56,18),
    (57,6),
    (58,8),
    (59,4),
    (60,9),
    (61,5),
    (62,21),
    (63,9),
    (64,24),
    (65,3),
    (66,24),
    (67,12),
    (68,21),
    (69,22),
    (70,7),
    (71,19),
    (72,26),
    (73,3),
    (74,7),
    (75,23),
    (76,24),
    (77,12),
    (78,22),
    (79,22),
    (80,10),
    (81,22),
    (82,6),
    (83,19),
    (84,26),
    (85,10),
    (86,25),
    (87,24),
    (88,24),
    (89,7),
    (90,22),
    (91,7)
;

INSERT INTO `instrument` (instr_id,instr_name,instr_altname,instr_tuning,instr_family) VALUES
    (1,"Flute",NULL,"C","Woodwind"),
    (2,"Piccolo",NULL,"C","Woodwind"),
    (3,"Alto flute",NULL,"G","Woodwind"),
    (4,"Oboe",NULL,"C","Woodwind"),
    (5,"English horn","Cor anglais","F","Woodwind"),
    (6,"Clarinet",NULL,"Bb","Woodwind"),
    (7,"Clarinet",NULL,"A","Woodwind"),
    (8,"Alto clarinet",NULL,"Eb","Woodwind"),
    (9,"Bass clarinet",NULL,"Bb","Woodwind"),
    (10,"Bassoon",NULL,"C","Woodwind"),
    (11,"Contrabassoon","Double bassoon","C","Woodwind"),
    (12,"French horn","Horn","F","Brass"),
    (13,"Trumpet",NULL,"Bb","Brass"),
    (14,"Trumpet",NULL,"C","Brass"),
    (15,"Trombone","Tenor trombone","Bb","Brass"),
    (16,"Tuba",NULL,"F","Brass"),
    (17,"Euphonium",NULL,"Bb","Brass"),
    (18,"Violin",NULL,"C","String"),
    (19,"Viola",NULL,"C","String"),
    (20,"Cello",NULL,"C","String"),
    (21,"Bass","Double bass","C","String"),
    (22,"Strings",NULL,"C","String"),
    (23,"Harp",NULL,"C","String"),
    (24,"Piano","Pianoforte","C","Keyboard"),
    (25,"Organ",NULL,"C","Keyboard"),
    (26,"Harpsichord",NULL,"C","Keyboard"),
    (27,"Clavichord",NULL,"C","Keyboard"),
    (28,"Timpani",NULL,"C","Percussion"),
    (29,"Glockenspiel",NULL,"C","Percussion"),
    (30,"Xylophone",NULL,"C","Percussion"),
    (31,"Vibraphone",NULL,"C","Percussion"),
    (32,"Marimba",NULL,"C","Percussion"),
    (33,"Tambourine",NULL,NULL,"Percussion"),
    (34,"Chimes",NULL,"C","Percussion"),
    (35,"Triangle",NULL,NULL,"Percussion"),
    (36,"Cymbals",NULL,NULL,"Percussion"),
    (37,"Bass drum",NULL,NULL,"Percussion"),
    (38,"Snare drum",NULL,NULL,"Percussion"),
    (39,"Shaker",NULL,NULL,"Percussion")
;

INSERT INTO `work_instrument` (work_id,instr_id,part_num) VALUES
    (1,2,1),
    (1,1,1),
    (1,1,2),
    (1,4,1),
    (1,4,2),
    (1,5,1),
    (1,7,1),
    (1,7,2),
    (1,10,1),
    (1,10,2),
    (1,12,1),
    (1,12,2),
    (1,12,3),
    (1,12,4),
    (1,14,1),
    (1,14,2),
    (1,15,1),
    (1,15,2),
    (1,15,3),
    (1,28,1),
    (1,22,1),
    (2,2,1),
    (2,1,1),
    (2,1,2),
    (2,4,1),
    (2,4,2),
    (2,5,1),
    (2,7,1),
    (2,7,2),
    (2,10,1),
    (2,10,2),
    (2,12,1),
    (2,12,2),
    (2,12,3),
    (2,12,4),
    (2,14,1),
    (2,14,2),
    (2,15,1),
    (2,15,2),
    (2,15,3),
    (2,28,1),
    (2,22,1),
    (3,2,1),
    (3,1,1),
    (3,1,2),
    (3,4,1),
    (3,4,2),
    (3,5,1),
    (3,7,1),
    (3,7,2),
    (3,10,1),
    (3,10,2),
    (3,12,1),
    (3,12,2),
    (3,12,3),
    (3,12,4),
    (3,14,1),
    (3,14,2),
    (3,15,1),
    (3,15,2),
    (3,15,3),
    (3,28,1),
    (3,22,1),
    (4,2,1),
    (4,1,1),
    (4,1,2),
    (4,4,1),
    (4,4,2),
    (4,5,1),
    (4,7,1),
    (4,7,2),
    (4,10,1),
    (4,10,2),
    (4,12,1),
    (4,12,2),
    (4,12,3),
    (4,12,4),
    (4,14,1),
    (4,14,2),
    (4,15,1),
    (4,15,2),
    (4,15,3),
    (4,28,1),
    (4,22,1),
    (5,2,1),
    (5,1,1),
    (5,1,2),
    (5,4,1),
    (5,4,2),
    (5,7,1),
    (5,7,2),
    (5,10,1),
    (5,10,2),
    (5,12,1),
    (5,12,2),
    (5,12,3),
    (5,12,4),
    (5,14,1),
    (5,14,2),
    (5,15,1),
    (5,15,2),
    (5,15,3),
    (5,28,1),
    (5,22,1),
    (6,2,1),
    (6,1,1),
    (6,1,2),
    (6,4,1),
    (6,4,2),
    (6,7,1),
    (6,7,2),
    (6,10,1),
    (6,10,2),
    (6,12,1),
    (6,12,2),
    (6,12,3),
    (6,12,4),
    (6,14,1),
    (6,14,2),
    (6,15,1),
    (6,15,2),
    (6,15,3),
    (6,28,1),
    (6,22,1),
    (7,2,1),
    (7,1,1),
    (7,1,2),
    (7,4,1),
    (7,4,2),
    (7,7,1),
    (7,7,2),
    (7,10,1),
    (7,10,2),
    (7,12,1),
    (7,12,2),
    (7,12,3),
    (7,12,4),
    (7,14,1),
    (7,14,2),
    (7,15,1),
    (7,15,2),
    (7,15,3),
    (7,28,1),
    (7,22,1),
    (8,2,1),
    (8,1,1),
    (8,1,2),
    (8,4,1),
    (8,4,2),
    (8,7,1),
    (8,7,2),
    (8,10,1),
    (8,10,2),
    (8,12,1),
    (8,12,2),
    (8,12,3),
    (8,12,4),
    (8,14,1),
    (8,14,2),
    (8,15,1),
    (8,15,2),
    (8,15,3),
    (8,28,1),
    (8,22,1),
    (9,2,1),
    (9,1,1),
    (9,1,2),
    (9,4,1),
    (9,4,2),
    (9,5,1),
    (9,7,1),
    (9,7,2),
    (9,10,1),
    (9,10,2),
    (9,12,1),
    (9,12,2),
    (9,12,3),
    (9,12,4),
    (9,14,1),
    (9,14,2),
    (9,15,1),
    (9,15,2),
    (9,15,3),
    (9,16,1),
    (9,28,1),
    (9,35,1),
    (9,23,1),
    (9,22,1),
    (10,2,1),
    (10,1,1),
    (10,1,2),
    (10,4,1),
    (10,4,2),
    (10,5,1),
    (10,7,1),
    (10,7,2),
    (10,10,1),
    (10,10,2),
    (10,12,1),
    (10,12,2),
    (10,12,3),
    (10,12,4),
    (10,14,1),
    (10,14,2),
    (10,15,1),
    (10,15,2),
    (10,15,3),
    (10,16,1),
    (10,28,1),
    (10,35,1),
    (10,23,1),
    (10,22,1),
    (11,2,1),
    (11,1,1),
    (11,1,2),
    (11,4,1),
    (11,4,2),
    (11,5,1),
    (11,7,1),
    (11,7,2),
    (11,10,1),
    (11,10,2),
    (11,12,1),
    (11,12,2),
    (11,12,3),
    (11,12,4),
    (11,14,1),
    (11,14,2),
    (11,15,1),
    (11,15,2),
    (11,15,3),
    (11,16,1),
    (11,28,1),
    (11,35,1),
    (11,23,1),
    (11,22,1),
    (12,1,1),
    (12,1,2),
    (12,4,1),
    (12,4,2),
    (12,7,1),
    (12,7,2),
    (12,10,1),
    (12,10,2),
    (12,12,1),
    (12,12,2),
    (12,12,3),
    (12,14,1),
    (12,14,2),
    (12,15,1),
    (12,15,2),
    (12,15,3),
    (12,28,1),
    (12,35,1),
    (12,22,1),
    (13,1,1),
    (13,1,2),
    (13,4,1),
    (13,4,2),
    (13,7,1),
    (13,7,2),
    (13,10,1),
    (13,10,2),
    (13,12,1),
    (13,12,2),
    (13,12,3),
    (13,14,1),
    (13,14,2),
    (13,15,1),
    (13,15,2),
    (13,15,3),
    (13,28,1),
    (13,35,1),
    (13,22,1),
    (14,1,1),
    (14,1,2),
    (14,4,1),
    (14,4,2),
    (14,7,1),
    (14,7,2),
    (14,10,1),
    (14,10,2),
    (14,12,1),
    (14,12,2),
    (14,12,3),
    (14,14,1),
    (14,14,2),
    (14,15,1),
    (14,15,2),
    (14,15,3),
    (14,28,1),
    (14,35,1),
    (14,22,1),
    (15,1,1),
    (15,1,2),
    (15,4,1),
    (15,4,2),
    (15,7,1),
    (15,7,2),
    (15,10,1),
    (15,10,2),
    (15,12,1),
    (15,12,2),
    (15,12,3),
    (15,14,1),
    (15,14,2),
    (15,15,1),
    (15,15,2),
    (15,15,3),
    (15,28,1),
    (15,35,1),
    (15,22,1),
    (16,1,1),
    (16,1,2),
    (16,4,1),
    (16,4,2),
    (16,7,1),
    (16,7,2),
    (16,9,1),
    (16,10,1),
    (16,10,2),
    (16,12,1),
    (16,12,2),
    (16,12,3),
    (16,12,4),
    (16,14,1),
    (16,14,2),
    (16,15,1),
    (16,15,2),
    (16,15,3),
    (16,28,1),
    (16,35,1),
    (16,22,1),
    (17,1,1),
    (17,1,2),
    (17,4,1),
    (17,4,2),
    (17,7,1),
    (17,7,2),
    (17,9,1),
    (17,10,1),
    (17,10,2),
    (17,12,1),
    (17,12,2),
    (17,12,3),
    (17,12,4),
    (17,14,1),
    (17,14,2),
    (17,15,1),
    (17,15,2),
    (17,15,3),
    (17,28,1),
    (17,35,1),
    (17,22,1),
    (18,1,1),
    (18,1,2),
    (18,4,1),
    (18,4,2),
    (18,7,1),
    (18,7,2),
    (18,9,1),
    (18,10,1),
    (18,10,2),
    (18,12,1),
    (18,12,2),
    (18,12,3),
    (18,12,4),
    (18,14,1),
    (18,14,2),
    (18,15,1),
    (18,15,2),
    (18,15,3),
    (18,28,1),
    (18,35,1),
    (18,22,1),
    (19,1,1),
    (19,1,2),
    (19,4,1),
    (19,4,2),
    (19,7,1),
    (19,7,2),
    (19,9,1),
    (19,10,1),
    (19,10,2),
    (19,12,1),
    (19,12,2),
    (19,12,3),
    (19,12,4),
    (19,14,1),
    (19,14,2),
    (19,15,1),
    (19,15,2),
    (19,15,3),
    (19,28,1),
    (19,35,1),
    (19,22,1),
    (20,24,1),
    (21,24,1),
    (22,24,1),
    (23,24,1),
    (24,24,1),
    (25,24,1),
    (26,24,1),
    (27,24,1),
    (28,2,1),
    (28,1,1),
    (28,1,2),
    (28,4,1),
    (28,4,2),
    (28,7,1),
    (28,7,2),
    (28,10,1),
    (28,10,2),
    (28,12,1),
    (28,12,2),
    (28,14,1),
    (28,14,2),
    (28,15,1),
    (28,15,2),
    (28,15,3),
    (28,28,1),
    (28,37,1),
    (28,36,1),
    (28,35,1),
    (28,22,1),
    (29,2,1),
    (29,1,1),
    (29,1,2),
    (29,4,1),
    (29,4,2),
    (29,7,1),
    (29,7,2),
    (29,10,1),
    (29,10,2),
    (29,12,1),
    (29,12,2),
    (29,14,1),
    (29,14,2),
    (29,15,1),
    (29,15,2),
    (29,15,3),
    (29,28,1),
    (29,37,1),
    (29,36,1),
    (29,35,1),
    (29,22,1),
    (30,2,1),
    (30,1,1),
    (30,1,2),
    (30,4,1),
    (30,4,2),
    (30,7,1),
    (30,7,2),
    (30,10,1),
    (30,10,2),
    (30,12,1),
    (30,12,2),
    (30,14,1),
    (30,14,2),
    (30,15,1),
    (30,15,2),
    (30,15,3),
    (30,28,1),
    (30,37,1),
    (30,36,1),
    (30,35,1),
    (30,22,1),
    (31,2,1),
    (31,1,1),
    (31,1,2),
    (31,4,1),
    (31,4,2),
    (31,7,1),
    (31,7,2),
    (31,10,1),
    (31,10,2),
    (31,12,1),
    (31,12,2),
    (31,14,1),
    (31,14,2),
    (31,15,1),
    (31,15,2),
    (31,15,3),
    (31,28,1),
    (31,37,1),
    (31,36,1),
    (31,35,1),
    (31,22,1),
    (32,2,1),
    (32,1,1),
    (32,1,2),
    (32,4,1),
    (32,4,2),
    (32,7,1),
    (32,7,2),
    (32,10,1),
    (32,10,2),
    (32,12,1),
    (32,12,2),
    (32,14,1),
    (32,14,2),
    (32,15,1),
    (32,15,2),
    (32,15,3),
    (32,28,1),
    (32,37,1),
    (32,36,1),
    (32,35,1),
    (32,22,1),
    (33,2,1),
    (33,1,1),
    (33,1,2),
    (33,4,1),
    (33,4,2),
    (33,7,1),
    (33,7,2),
    (33,10,1),
    (33,10,2),
    (33,12,1),
    (33,12,2),
    (33,14,1),
    (33,14,2),
    (33,15,1),
    (33,15,2),
    (33,15,3),
    (33,28,1),
    (33,37,1),
    (33,36,1),
    (33,35,1),
    (33,22,1),
    (34,2,1),
    (34,1,1),
    (34,1,2),
    (34,4,1),
    (34,4,2),
    (34,7,1),
    (34,7,2),
    (34,10,1),
    (34,10,2),
    (34,12,1),
    (34,12,2),
    (34,14,1),
    (34,14,2),
    (34,15,1),
    (34,15,2),
    (34,15,3),
    (34,28,1),
    (34,37,1),
    (34,36,1),
    (34,35,1),
    (34,22,1),
    (35,2,1),
    (35,1,1),
    (35,1,2),
    (35,4,1),
    (35,4,2),
    (35,7,1),
    (35,7,2),
    (35,10,1),
    (35,10,2),
    (35,12,1),
    (35,12,2),
    (35,14,1),
    (35,14,2),
    (35,15,1),
    (35,15,2),
    (35,15,3),
    (35,28,1),
    (35,37,1),
    (35,36,1),
    (35,35,1),
    (35,22,1),
    (36,2,1),
    (36,1,1),
    (36,1,2),
    (36,4,1),
    (36,4,2),
    (36,7,1),
    (36,7,2),
    (36,10,1),
    (36,10,2),
    (36,12,1),
    (36,12,2),
    (36,12,3),
    (36,12,4),
    (36,14,1),
    (36,14,2),
    (36,15,1),
    (36,15,2),
    (36,15,3),
    (36,16,1),
    (36,28,1),
    (36,22,1),
    (37,2,1),
    (37,1,1),
    (37,1,2),
    (37,4,1),
    (37,4,2),
    (37,7,1),
    (37,7,2),
    (37,10,1),
    (37,10,2),
    (37,12,1),
    (37,12,2),
    (37,12,3),
    (37,12,4),
    (37,14,1),
    (37,14,2),
    (37,15,1),
    (37,15,2),
    (37,15,3),
    (37,16,1),
    (37,28,1),
    (37,22,1),
    (38,2,1),
    (38,1,1),
    (38,1,2),
    (38,4,1),
    (38,4,2),
    (38,7,1),
    (38,7,2),
    (38,10,1),
    (38,10,2),
    (38,12,1),
    (38,12,2),
    (38,12,3),
    (38,12,4),
    (38,14,1),
    (38,14,2),
    (38,15,1),
    (38,15,2),
    (38,15,3),
    (38,16,1),
    (38,28,1),
    (38,22,1),
    (39,2,1),
    (39,1,1),
    (39,1,2),
    (39,4,1),
    (39,4,2),
    (39,7,1),
    (39,7,2),
    (39,10,1),
    (39,10,2),
    (39,12,1),
    (39,12,2),
    (39,12,3),
    (39,12,4),
    (39,14,1),
    (39,14,2),
    (39,15,1),
    (39,15,2),
    (39,15,3),
    (39,16,1),
    (39,28,1),
    (39,22,1),
    (40,2,1),
    (40,1,1),
    (40,1,2),
    (40,4,1),
    (40,4,2),
    (40,7,1),
    (40,7,2),
    (40,10,1),
    (40,10,2),
    (40,12,1),
    (40,12,2),
    (40,12,3),
    (40,12,4),
    (40,14,1),
    (40,14,2),
    (40,15,1),
    (40,15,2),
    (40,28,1),
    (40,22,1),
    (41,2,1),
    (41,1,1),
    (41,1,2),
    (41,4,1),
    (41,4,2),
    (41,7,1),
    (41,7,2),
    (41,10,1),
    (41,10,2),
    (41,12,1),
    (41,12,2),
    (41,12,3),
    (41,12,4),
    (41,14,1),
    (41,14,2),
    (41,15,1),
    (41,15,2),
    (41,28,1),
    (41,22,1),
    (42,2,1),
    (42,1,1),
    (42,1,2),
    (42,4,1),
    (42,4,2),
    (42,7,1),
    (42,7,2),
    (42,10,1),
    (42,10,2),
    (42,12,1),
    (42,12,2),
    (42,12,3),
    (42,12,4),
    (42,14,1),
    (42,14,2),
    (42,15,1),
    (42,15,2),
    (42,28,1),
    (42,22,1),
    (43,2,1),
    (43,1,1),
    (43,1,2),
    (43,4,1),
    (43,4,2),
    (43,7,1),
    (43,7,2),
    (43,10,1),
    (43,10,2),
    (43,12,1),
    (43,12,2),
    (43,12,3),
    (43,12,4),
    (43,14,1),
    (43,14,2),
    (43,15,1),
    (43,15,2),
    (43,28,1),
    (43,22,1),
    (44,24,1),
    (45,24,1),
    (46,24,1),
    (47,24,1),
    (48,24,1),
    (49,24,1),
    (50,24,1),
    (51,24,1),
    (52,2,1),
    (52,1,1),
    (52,1,2),
    (52,4,1),
    (52,4,2),
    (52,7,1),
    (52,7,2),
    (52,10,1),
    (52,10,2),
    (52,12,1),
    (52,12,2),
    (52,12,3),
    (52,12,4),
    (52,14,1),
    (52,14,2),
    (52,15,1),
    (52,15,2),
    (52,15,3),
    (52,28,1),
    (52,37,1),
    (52,36,1),
    (52,35,1),
    (52,29,1),
    (52,22,1),
    (53,2,1),
    (53,1,1),
    (53,1,2),
    (53,4,1),
    (53,4,2),
    (53,7,1),
    (53,7,2),
    (53,10,1),
    (53,10,2),
    (53,12,1),
    (53,12,2),
    (53,12,3),
    (53,12,4),
    (53,14,1),
    (53,14,2),
    (53,15,1),
    (53,15,2),
    (53,15,3),
    (53,28,1),
    (53,37,1),
    (53,36,1),
    (53,35,1),
    (53,29,1),
    (53,22,1),
    (54,2,1),
    (54,1,1),
    (54,1,2),
    (54,4,1),
    (54,4,2),
    (54,7,1),
    (54,7,2),
    (54,10,1),
    (54,10,2),
    (54,12,1),
    (54,12,2),
    (54,12,3),
    (54,12,4),
    (54,14,1),
    (54,14,2),
    (54,15,1),
    (54,15,2),
    (54,15,3),
    (54,28,1),
    (54,37,1),
    (54,36,1),
    (54,35,1),
    (54,29,1),
    (54,22,1),
    (55,2,1),
    (55,1,1),
    (55,1,2),
    (55,4,1),
    (55,4,2),
    (55,7,1),
    (55,7,2),
    (55,10,1),
    (55,10,2),
    (55,12,1),
    (55,12,2),
    (55,12,3),
    (55,12,4),
    (55,14,1),
    (55,14,2),
    (55,15,1),
    (55,15,2),
    (55,15,3),
    (55,28,1),
    (55,37,1),
    (55,36,1),
    (55,35,1),
    (55,29,1),
    (55,22,1),
    (56,2,1),
    (56,1,1),
    (56,1,2),
    (56,4,1),
    (56,4,2),
    (56,7,1),
    (56,7,2),
    (56,10,1),
    (56,10,2),
    (56,12,1),
    (56,12,2),
    (56,12,3),
    (56,12,4),
    (56,14,1),
    (56,14,2),
    (56,15,1),
    (56,15,2),
    (56,15,3),
    (56,28,1),
    (56,37,1),
    (56,36,1),
    (56,35,1),
    (56,29,1),
    (56,22,1),
    (57,2,1),
    (57,1,1),
    (57,1,2),
    (57,4,1),
    (57,4,2),
    (57,7,1),
    (57,7,2),
    (57,10,1),
    (57,10,2),
    (57,12,1),
    (57,12,2),
    (57,12,3),
    (57,12,4),
    (57,14,1),
    (57,14,2),
    (57,15,1),
    (57,15,2),
    (57,15,3),
    (57,28,1),
    (57,37,1),
    (57,36,1),
    (57,35,1),
    (57,29,1),
    (57,22,1),
    (58,2,1),
    (58,1,1),
    (58,1,2),
    (58,4,1),
    (58,4,2),
    (58,7,1),
    (58,7,2),
    (58,10,1),
    (58,10,2),
    (58,12,1),
    (58,12,2),
    (58,12,3),
    (58,12,4),
    (58,14,1),
    (58,14,2),
    (58,15,1),
    (58,15,2),
    (58,15,3),
    (58,28,1),
    (58,37,1),
    (58,36,1),
    (58,35,1),
    (58,29,1),
    (58,22,1),
    (59,2,1),
    (59,1,1),
    (59,1,2),
    (59,4,1),
    (59,4,2),
    (59,7,1),
    (59,7,2),
    (59,10,1),
    (59,10,2),
    (59,12,1),
    (59,12,2),
    (59,12,3),
    (59,12,4),
    (59,14,1),
    (59,14,2),
    (59,15,1),
    (59,15,2),
    (59,15,3),
    (59,28,1),
    (59,37,1),
    (59,36,1),
    (59,35,1),
    (59,29,1),
    (59,22,1),
    (60,2,1),
    (60,1,1),
    (60,1,2),
    (60,4,1),
    (60,4,2),
    (60,5,1),
    (60,7,1),
    (60,7,1),
    (60,10,1),
    (60,10,2),
    (60,12,1),
    (60,12,2),
    (60,12,3),
    (60,12,4),
    (60,14,1),
    (60,14,2),
    (60,15,1),
    (60,15,2),
    (60,15,3),
    (60,16,1),
    (60,28,1),
    (60,22,1),
    (61,2,1),
    (61,1,1),
    (61,1,2),
    (61,4,1),
    (61,4,2),
    (61,5,1),
    (61,7,1),
    (61,7,1),
    (61,10,1),
    (61,10,2),
    (61,12,1),
    (61,12,2),
    (61,12,3),
    (61,12,4),
    (61,14,1),
    (61,14,2),
    (61,15,1),
    (61,15,2),
    (61,15,3),
    (61,16,1),
    (61,28,1),
    (61,22,1),
    (62,2,1),
    (62,1,1),
    (62,1,2),
    (62,4,1),
    (62,4,2),
    (62,5,1),
    (62,7,1),
    (62,7,1),
    (62,10,1),
    (62,10,2),
    (62,12,1),
    (62,12,2),
    (62,12,3),
    (62,12,4),
    (62,14,1),
    (62,14,2),
    (62,15,1),
    (62,15,2),
    (62,15,3),
    (62,16,1),
    (62,28,1),
    (62,22,1),
    (63,2,1),
    (63,1,1),
    (63,1,2),
    (63,4,1),
    (63,4,2),
    (63,5,1),
    (63,7,1),
    (63,7,1),
    (63,10,1),
    (63,10,2),
    (63,12,1),
    (63,12,2),
    (63,12,3),
    (63,12,4),
    (63,14,1),
    (63,14,2),
    (63,15,1),
    (63,15,2),
    (63,15,3),
    (63,16,1),
    (63,28,1),
    (63,22,1),
    (64,2,1),
    (64,1,1),
    (64,1,2),
    (64,4,1),
    (64,4,2),
    (64,5,1),
    (64,7,1),
    (64,7,2),
    (64,10,1),
    (64,10,2),
    (64,12,1),
    (64,12,2),
    (64,12,3),
    (64,12,4),
    (64,14,1),
    (64,14,2),
    (64,15,1),
    (64,15,2),
    (64,15,3),
    (64,16,1),
    (64,28,1),
    (64,36,1),
    (64,35,1),
    (64,22,1),
    (65,2,1),
    (65,1,1),
    (65,1,2),
    (65,4,1),
    (65,4,2),
    (65,5,1),
    (65,7,1),
    (65,7,2),
    (65,10,1),
    (65,10,2),
    (65,12,1),
    (65,12,2),
    (65,12,3),
    (65,12,4),
    (65,14,1),
    (65,14,2),
    (65,15,1),
    (65,15,2),
    (65,15,3),
    (65,16,1),
    (65,28,1),
    (65,36,1),
    (65,35,1),
    (65,22,1),
    (66,2,1),
    (66,1,1),
    (66,1,2),
    (66,4,1),
    (66,4,2),
    (66,5,1),
    (66,7,1),
    (66,7,2),
    (66,10,1),
    (66,10,2),
    (66,12,1),
    (66,12,2),
    (66,12,3),
    (66,12,4),
    (66,14,1),
    (66,14,2),
    (66,15,1),
    (66,15,2),
    (66,15,3),
    (66,16,1),
    (66,28,1),
    (66,36,1),
    (66,35,1),
    (66,22,1),
    (67,2,1),
    (67,1,1),
    (67,1,2),
    (67,4,1),
    (67,4,2),
    (67,5,1),
    (67,7,1),
    (67,7,2),
    (67,10,1),
    (67,10,2),
    (67,12,1),
    (67,12,2),
    (67,12,3),
    (67,12,4),
    (67,14,1),
    (67,14,2),
    (67,15,1),
    (67,15,2),
    (67,15,3),
    (67,16,1),
    (67,28,1),
    (67,36,1),
    (67,35,1),
    (67,22,1),
    (68,24,1),
    (69,24,1),
    (70,24,1),
    (71,24,1),
    (72,24,1),
    (73,24,1),
    (74,24,1),
    (75,24,1),
    (76,24,1),
    (77,24,1),
    (78,24,1),
    (79,24,1),
    (80,24,1),
    (81,24,1),
    (82,24,1),
    (83,24,1),
    (84,24,1),
    (85,24,1),
    (86,24,1),
    (87,24,1),
    (88,24,1),
    (89,14,1),
    (89,1,1),
    (89,4,1),
    (89,18,1),
    (89,19,1),
    (89,20,1),
    (90,1,1),
    (90,4,1),
    (90,18,1),
    (90,20,1),
    (91,14,1),
    (91,1,1),
    (91,4,1),
    (91,18,1),
    (91,19,1),
    (91,20,1)
;

INSERT INTO `tempo` (tempo_id,tempo_marking,tempo_rangestart,tempo_rangeend) VALUES
    (1,"adagietto",72,76),
    (2,"adagio",66,76),
    (3,"adagio di molto",66,76),
    (4,"adagio molto",66,76),
    (5,"allegretto",112,120),
    (6,"allegretto grazioso",112,120),
    (7,"allegretto scherzando",112,120),
    (8,"allegrissimo",172,176),
    (9,"allegro",112,168),
    (10,"allegro animato",140,168),
    (11,"allegro assai",112,168),
    (12,"allegro con brio",112,168),
    (13,"allegro con fuoco",112,168),
    (14,"allegro con moto",112,168),
    (15,"allegro con spirito",140,168),
    (16,"allegro feroce",140,168),
    (17,"allegro ma non troppo",112,168),
    (18,"allegro maestoso",112,168),
    (19,"allegro moderato",112,168),
    (20,"allegro molto",112,168),
    (21,"allegro non assai",112,168),
    (22,"allegro non tanto",112,168),
    (23,"allegro non troppo",112,168),
    (24,"allegro scherzando",140,168),
    (25,"allegro vivace",140,168),
    (26,"allegro vivo",140,168),
    (27,"andante",76,108),
    (28,"andante con moto",76,108),
    (29,"andante moderato",92,112),
    (30,"andante sostenuto e molto cantabile",76,92),
    (31,"andantino",80,108),
    (32,"andantino grazioso",80,108),
    (33,"con moto",72,116),
    (34,"grave",25,45),
    (35,"grazioso e lento, ma non troppo, quasi tempo di valse",45,60),
    (36,"larghetto",60,66),
    (37,"larghissimo",0,24),
    (38,"largo",40,60),
    (39,"lento",45,60),
    (40,"marcia moderato",83,85),
    (41,"moderato",108,120),
    (42,"moderato, quasi menuetto",108,120),
    (43,"molto vivace",156,176),
    (44,"poco adagio",66,76),
    (45,"poco allegretto",112,120),
    (46,"poco allegro",112,168),
    (47,"poco andante",76,108),
    (48,"poco sostenuto",76,108),
    (49,"prestissimo",200,400),
    (50,"presto",168,200),
    (51,"tempo di marcia",80,86),
    (52,"tempo di menuetto",112,124),
    (53,"trio",112,124),
    (54,"un poco andante",76,108),
    (55,"vivace",156,176),
    (56,"vivacissimo",172,176)
;

INSERT INTO `work_tempo` (work_id,tempo_id) VALUES
    (1,9),
    (2,3),
    (3,5),
    (3,53),
    (4,10),
    (5,14),
    (6,44),
    (7,12),
    (8,13),
    (9,19),
    (10,4),
    (10,51),
    (11,25),
    (12,9),
    (13,30),
    (14,16),
    (15,12),
    (16,17),
    (17,28),
    (18,24),
    (19,20),
    (20,50),
    (21,7),
    (21,26),
    (22,46),
    (23,52),
    (24,25),
    (25,7),
    (26,11),
    (27,50),
    (28,50),
    (29,7),
    (29,26),
    (30,46),
    (31,52),
    (32,25),
    (33,7),
    (34,11),
    (35,50),
    (36,22),
    (37,2),
    (38,50),
    (39,15),
    (40,18),
    (41,44),
    (42,55),
    (43,9),
    (44,55),
    (45,6),
    (46,9),
    (47,6),
    (48,44),
    (48,55),
    (49,42),
    (50,25),
    (51,35),
    (52,55),
    (53,6),
    (54,9),
    (55,6),
    (56,44),
    (56,55),
    (57,42),
    (58,25),
    (59,35),
    (60,12),
    (61,2),
    (62,6),
    (62,43),
    (63,17),
    (64,2),
    (64,20),
    (65,38),
    (66,43),
    (67,13),
    (68,20),
    (69,21),
    (70,5),
    (71,48),
    (72,9),
    (73,55),
    (74,5),
    (75,50),
    (76,23),
    (77,50),
    (78,47),
    (79,50),
    (80,32),
    (81,54),
    (82,6),
    (83,33),
    (84,31),
    (85,43),
    (86,5),
    (87,45),
    (88,55),
    (89,9),
    (90,27),
    (91,11)
;

INSERT INTO `time` (time_id,time_name,time_numbeats,time_beatval,time_type) VALUES
    (1,"2/2",2,"half","simple"),
    (2,"3/2",3,"half","simple"),
    (3,"2/4",2,"quarter","simple"),
    (4,"3/4",3,"quarter","simple"),
    (5,"4/4",4,"quarter","simple"),
    (6,"5/4",5,"quarter","simple"),
    (7,"6/4",6,"quarter","complex"),
    (8,"9/4",9,"quarter","complex"),
    (9,"3/8",3,"eighth","simple"),
    (10,"4/8",4,"eighth","simple"),
    (11,"6/8",6,"eighth","compound"),
    (12,"7/8",7,"eighth","complex"),
    (13,"9/8",9,"eighth","compound"),
    (14,"12/8",12,"eighth","compound")
;

INSERT INTO `work_time` (work_id,time_id) VALUES
    (1,1),
    (2,3),
    (3,3),
    (4,3),
    (5,3),
    (6,14),
    (7,4),
    (8,1),
    (9,11),
    (10,3),
    (11,3),
    (12,4),
    (13,5),
    (14,7),
    (15,3),
    (16,3),
    (17,9),
    (18,9),
    (19,5),
    (20,4),
    (21,3),
    (22,3),
    (23,4),
    (24,3),
    (25,4),
    (26,3),
    (27,4),
    (28,4),
    (29,3),
    (30,3),
    (31,4),
    (32,3),
    (33,4),
    (34,3),
    (35,4),
    (36,4),
    (37,3),
    (38,4),
    (39,1),
    (40,11),
    (41,5),
    (42,7),
    (43,1),
    (44,3),
    (45,9),
    (46,3),
    (47,9),
    (48,10),
    (49,4),
    (50,3),
    (51,4),
    (52,3),
    (53,9),
    (54,3),
    (55,9),
    (56,10),
    (57,4),
    (58,3),
    (59,4),
    (60,5),
    (61,3),
    (62,9),
    (63,3),
    (64,10),
    (65,5),
    (66,4),
    (67,5),
    (68,3),
    (69,3),
    (70,3),
    (71,3),
    (72,3),
    (73,3),
    (74,3),
    (75,3),
    (76,3),
    (77,3),
    (78,3),
    (79,3),
    (80,3),
    (81,3),
    (82,3),
    (83,3),
    (84,3),
    (85,3),
    (86,3),
    (87,3),
    (88,3),
    (89,1),
    (90,4),
    (91,3)
;

SET foreign_key_checks=1;